[
    {
        "id":1,
        "question":"Q 1 -Oxygen was independently discovered by?",
        "a": "Neils Bohr",
		"b": "Joseph Priestley",
		"c": "William Ramsay",
		"d": "Rutherford",
		"answer": "c"
     },
      {
        "id":2,
        "question":"Q 2 -Sodium metal is kept under?",
        "a": "petrol",
		"b": "alcohol",
		"c": "water",
		"d": "kerosene",
		"answer": "d"
     },
     {
        "id":3,
        "question":"Q 3 -The tropical and temperate deserts of the world, occupy nearly ____ of the land surface of the worlds.?",
        "a": "(1/4) th",
		"b": "(1/3) rd",
		"c": "(1/2)",
		"d": "(1/7) th",
		"answer": "c"
     },
     {
        "id":4,
        "question":"Q 4 -The tide produced as a consequence of the moon and the sun pulling the earth in the same direction is called?",
        "a": "ebb tide",
		"b": "high tide",
		"c": "spring tide",
		"d": "neap tide",
		"answer": "c"
     },
     {
        "id":5,
        "question":"Q 5 -The percentage of the incident radiation reflected back to space is called?",
        "a": "planet's albedo",
		"b": "earth's albedo",
		"c": "both are similar terms",
		"d": "None of the above",
		"answer": "a"
     }
]