[
    {
        "id":1,
        "question":"Q 1 -Oxygen was independently discovered by?",
        "a": "Neils Bohr",
		"b": "Joseph Priestley",
		"c": "William Ramsay",
		"d": "Rutherford",
		"answer": "c"
     },
      {
        "id":2,
        "question":"Q 2 -Sodium metal is kept under?",
        "a": "petrol",
		"b": "alcohol",
		"c": "water",
		"d": "kerosene",
		"answer": "d"
     },
     {
        "id":3,
        "question":"Q 3 -The tropical and temperate deserts of the world, occupy nearly ____ of the land surface of the worlds.?",
        "a": "(1/4) th",
		"b": "(1/3) rd",
		"c": "(1/2)",
		"d": "(1/7) th",
		"answer": "d"
     },
     {
        "id":4,
        "question":"Q 4 -The tide produced as a consequence of the moon and the sun pulling the earth in the same direction is called?",
        "a": "ebb tide",
		"b": "high tide",
		"c": "spring tide",
		"d": "neap tide",
		"answer": "c"
     },
     {
        "id":5,
        "question":"Q 5 -The percentage of the incident radiation reflected back to space is called?",
        "a": "planet's albedo",
		"b": "earth's albedo",
		"c": "both are similar terms",
		"d": "None of the above",
		"answer": "a"
     },
     {
        "id":6,
        "question":"Q 6 -How many Dynes are there in 1 gram weight?",
        "a": "900",
		"b": "375",
		"c": "981",
		"d": "250",
		"answer": "c"
     },
     {
        "id":7,
        "question":"Q 7 -The credit of developing the polio vaccine goes to?",
        "a": "Jones Salk",
		"b": "Alb E. Sabin",
		"c": "J.L. Baird",
		"d": "J. Perkins",
		"answer": "a"
     },
     {
        "id":8,
        "question":"Q 8 -Who was the 1st president of BCCI ( Board of Control for Cricket in India )?",
        "a": "R.E. Grant Govan",
		"b": "Dr. Maharajkumar Sir Vijaya Ananda",
		"c": "Sikandar Hyat Khan",
		"d": "Anthony S. D'Mello",
		"answer": "a"
     },
     {
        "id":9,
        "question":"Q 9 -In which Indian state did the game of Polo originate?",
        "a": "Meghalaya",
		"b": "Rajasthan",
		"c": "Manipur",
		"d": "West Bengal",
		"answer": "c"
     },
     {
        "id":10,
        "question":"Q 10 -Which amongst the following has the lowest metabolic rate of oxygen consumption (mm3/g hour)?",
        "a": "Dog",
		"b": "Elephant",
		"c": "Horse",
		"d": "Man",
		"answer": "b"
     }
]